snr_db,reference_cer,fldigi_cer,minimodem_cer,mmtty_cer,model_cer
-18.0,0.8685082872928177,0.8625690607734806,0.9515193370165745,0.8603591160220995,0.7392265193370166
-16.0,0.8505524861878453,0.8497237569060774,0.9332872928176795,0.850828729281768,0.6020718232044199
-14.0,0.8042817679558011,0.805939226519337,0.9013812154696133,0.8182320441988951,0.3639502762430939
-12.0,0.6683701657458564,0.6755524861878454,0.8044198895027624,0.7058011049723757,0.14806629834254142
-10.0,0.425414364640884,0.4045580110497238,0.5769337016574586,0.4723756906077348,0.03756906077348066
-8.0,0.17541436464088397,0.1341160220994475,0.23604972375690608,0.2169889502762431,0.0071823204419889505
-6.0,0.04516574585635359,0.018232044198895028,0.058011049723756904,0.062430939226519336,0.0005524861878453039
-4.0,0.0055248618784530384,0.00856353591160221,0.024033149171270717,0.009392265193370166,0.00027624309392265195
-2.0,0.00027624309392265195,0.0017955801104972376,0.013950276243093923,0.0035911602209944752,0.0
0.0,0.0005524861878453039,0.0015193370165745856,0.009116022099447514,0.0022099447513812156,0.0
2.0,0.0004143646408839779,0.0020718232044198894,0.00787292817679558,0.0033149171270718232,0.00013812154696132598
4.0,0.00013812154696132598,0.0015193370165745856,0.005662983425414364,0.0023480662983425414,0.0
6.0,0.00027624309392265195,0.002486187845303867,0.0029005524861878454,0.0026243093922651934,0.0
